-- MySQL dump 10.13  Distrib 5.5.49, for debian-linux-gnu (x86_64)
--
-- Host: localhost    Database: forge
-- ------------------------------------------------------
-- Server version	5.5.49-0ubuntu0.14.04.1

/*!40101 SET @OLD_CHARACTER_SET_CLIENT=@@CHARACTER_SET_CLIENT */;
/*!40101 SET @OLD_CHARACTER_SET_RESULTS=@@CHARACTER_SET_RESULTS */;
/*!40101 SET @OLD_COLLATION_CONNECTION=@@COLLATION_CONNECTION */;
/*!40101 SET NAMES utf8 */;
/*!40103 SET @OLD_TIME_ZONE=@@TIME_ZONE */;
/*!40103 SET TIME_ZONE='+00:00' */;
/*!40014 SET @OLD_UNIQUE_CHECKS=@@UNIQUE_CHECKS, UNIQUE_CHECKS=0 */;
/*!40014 SET @OLD_FOREIGN_KEY_CHECKS=@@FOREIGN_KEY_CHECKS, FOREIGN_KEY_CHECKS=0 */;
/*!40101 SET @OLD_SQL_MODE=@@SQL_MODE, SQL_MODE='NO_AUTO_VALUE_ON_ZERO' */;
/*!40111 SET @OLD_SQL_NOTES=@@SQL_NOTES, SQL_NOTES=0 */;

--
-- Table structure for table `categories`
--

DROP TABLE IF EXISTS `categories`;
/*!40101 SET @saved_cs_client     = @@character_set_client */;
/*!40101 SET character_set_client = utf8 */;
CREATE TABLE `categories` (
  `id` int(10) unsigned NOT NULL AUTO_INCREMENT,
  `name` varchar(255) COLLATE utf8_unicode_ci NOT NULL,
  `slug` varchar(255) COLLATE utf8_unicode_ci NOT NULL,
  `description` text COLLATE utf8_unicode_ci NOT NULL,
  `image_path` varchar(255) COLLATE utf8_unicode_ci NOT NULL DEFAULT 'default.jpg',
  `created_at` timestamp NOT NULL DEFAULT '0000-00-00 00:00:00',
  `updated_at` timestamp NOT NULL DEFAULT '0000-00-00 00:00:00',
  PRIMARY KEY (`id`)
) ENGINE=InnoDB AUTO_INCREMENT=2 DEFAULT CHARSET=utf8 COLLATE=utf8_unicode_ci;
/*!40101 SET character_set_client = @saved_cs_client */;

--
-- Dumping data for table `categories`
--

LOCK TABLES `categories` WRITE;
/*!40000 ALTER TABLE `categories` DISABLE KEYS */;
INSERT INTO `categories` VALUES (1,'default','default','default','default.jpg','2015-08-16 19:41:18','2015-08-16 19:41:18');
/*!40000 ALTER TABLE `categories` ENABLE KEYS */;
UNLOCK TABLES;

--
-- Table structure for table `migrations`
--

DROP TABLE IF EXISTS `migrations`;
/*!40101 SET @saved_cs_client     = @@character_set_client */;
/*!40101 SET character_set_client = utf8 */;
CREATE TABLE `migrations` (
  `migration` varchar(255) COLLATE utf8_unicode_ci NOT NULL,
  `batch` int(11) NOT NULL
) ENGINE=InnoDB DEFAULT CHARSET=utf8 COLLATE=utf8_unicode_ci;
/*!40101 SET character_set_client = @saved_cs_client */;

--
-- Dumping data for table `migrations`
--

LOCK TABLES `migrations` WRITE;
/*!40000 ALTER TABLE `migrations` DISABLE KEYS */;
INSERT INTO `migrations` VALUES ('2014_10_12_000000_create_users_table',1),('2014_10_12_100000_create_password_resets_table',1),('2015_08_04_024457_create_categories_table',1),('2015_08_05_032035_create_products_table',1),('2015_08_14_023701_create_quote_requests_table',1),('2015_08_14_023714_create_quote_products_table',1),('2015_08_14_023800_create_quote_images_table',1);
/*!40000 ALTER TABLE `migrations` ENABLE KEYS */;
UNLOCK TABLES;

--
-- Table structure for table `password_resets`
--

DROP TABLE IF EXISTS `password_resets`;
/*!40101 SET @saved_cs_client     = @@character_set_client */;
/*!40101 SET character_set_client = utf8 */;
CREATE TABLE `password_resets` (
  `email` varchar(255) COLLATE utf8_unicode_ci NOT NULL,
  `token` varchar(255) COLLATE utf8_unicode_ci NOT NULL,
  `created_at` timestamp NOT NULL DEFAULT '0000-00-00 00:00:00',
  KEY `password_resets_email_index` (`email`),
  KEY `password_resets_token_index` (`token`)
) ENGINE=InnoDB DEFAULT CHARSET=utf8 COLLATE=utf8_unicode_ci;
/*!40101 SET character_set_client = @saved_cs_client */;

--
-- Dumping data for table `password_resets`
--

LOCK TABLES `password_resets` WRITE;
/*!40000 ALTER TABLE `password_resets` DISABLE KEYS */;
/*!40000 ALTER TABLE `password_resets` ENABLE KEYS */;
UNLOCK TABLES;

--
-- Table structure for table `products`
--

DROP TABLE IF EXISTS `products`;
/*!40101 SET @saved_cs_client     = @@character_set_client */;
/*!40101 SET character_set_client = utf8 */;
CREATE TABLE `products` (
  `id` int(10) unsigned NOT NULL AUTO_INCREMENT,
  `category_id` int(10) unsigned NOT NULL,
  `name` varchar(255) COLLATE utf8_unicode_ci NOT NULL,
  `slug` varchar(255) COLLATE utf8_unicode_ci NOT NULL,
  `description` text COLLATE utf8_unicode_ci NOT NULL,
  `image_path` varchar(255) COLLATE utf8_unicode_ci NOT NULL DEFAULT 'default.jpg',
  `quantity` varchar(255) COLLATE utf8_unicode_ci NOT NULL,
  `created_at` timestamp NOT NULL DEFAULT '0000-00-00 00:00:00',
  `updated_at` timestamp NOT NULL DEFAULT '0000-00-00 00:00:00',
  PRIMARY KEY (`id`),
  KEY `products_category_id_foreign` (`category_id`),
  CONSTRAINT `products_category_id_foreign` FOREIGN KEY (`category_id`) REFERENCES `categories` (`id`) ON DELETE CASCADE
) ENGINE=InnoDB AUTO_INCREMENT=16 DEFAULT CHARSET=utf8 COLLATE=utf8_unicode_ci;
/*!40101 SET character_set_client = @saved_cs_client */;

--
-- Dumping data for table `products`
--

LOCK TABLES `products` WRITE;
/*!40000 ALTER TABLE `products` DISABLE KEYS */;
INSERT INTO `products` VALUES (2,1,'TITLEIST  12 pack Pro V1X Golf Balls','titleist-12-pack-pro-v1x-golf-balls','','/images/adminuploads/products/1440160322v1x.jpg','12','2015-08-18 06:37:19','2015-08-21 04:56:31'),(5,1,'TITLEIST 12 pack Pro V1 golf balls','titleist-12-pack-pro-v1-golf-balls','Balls','/images/adminuploads/products/1440160155v1.jpg','12','2015-08-18 06:39:31','2015-08-21 04:56:45'),(6,1,'TITLEIST 2 Dozen NXT Tour golf balls','titleist-2-dozen-nxt-tour-golf-balls1','Balls','/images/adminuploads/products/1440409467nxt.jpg','24','2015-08-18 06:39:38','2015-08-24 01:44:31'),(7,1,'TITLEIST 12 Pack Velocity Golf Balls','titleist-12-pack-velocity-golf-balls','Balls','/images/adminuploads/products/1440160921velocity.jpg','12','2015-08-18 06:39:43','2015-08-21 04:42:38'),(8,1,'SRIXON 12 Pack  AD333 golf balls','srixon-12-pack-ad333-golf-balls1','','/images/adminuploads/products/1440409601ad333.jpg','12','2015-08-18 06:39:50','2015-08-24 01:46:45'),(9,1,'SRIXON 12 Pack Distance Golf Balls','srixon-12-pack-distance-golf-balls','','/images/adminuploads/products/1440161579distance.jpg','12','2015-08-18 06:39:56','2015-08-21 04:53:35'),(10,1,'SRIXON 12 Pack Soft Feel Golf Balls','srixon-12-pack-soft-feel-golf-balls','','/images/adminuploads/products/1440161735softfeel.jpg','','2015-08-18 06:45:17','2015-08-21 04:55:51'),(11,1,'NIKE 12 Pack PD Long Golf Balls','nike-12-pack-pd-long-golf-balls1','','/images/adminuploads/products/1440162132pg long.jpg','12','2015-08-18 06:45:25','2015-08-21 05:02:15'),(12,1,'WILSON 12 Pack DX2 Golf Ball','wilson-12-pack-dx2-golf-ball','','/images/adminuploads/products/1440162294dx2.jpg','12','2015-08-18 06:45:34','2015-08-21 05:04:58'),(13,1,'TOP FLITE 12 Pack Strata Golf Balls','top-flite-12-pack-strata-golf-balls','','/images/adminuploads/products/1440572878strata.jpg','12','2015-08-25 23:08:03','2015-08-25 23:08:03'),(14,1,'NIKE Dozen PD9 Soft Golf Ball','nike-dozen-pd9-soft-golf-ball','','default.jpg','12','2015-08-25 23:08:56','2015-08-25 23:08:56'),(15,1,'NIKE Double Dozen Super Far Golf Balls','nike-double-dozen-super-far-golf-balls','','/images/adminuploads/products/1440572970super far.jpg','12','2015-08-25 23:10:54','2015-08-25 23:10:54');
/*!40000 ALTER TABLE `products` ENABLE KEYS */;
UNLOCK TABLES;

--
-- Table structure for table `quote_images`
--

DROP TABLE IF EXISTS `quote_images`;
/*!40101 SET @saved_cs_client     = @@character_set_client */;
/*!40101 SET character_set_client = utf8 */;
CREATE TABLE `quote_images` (
  `id` int(10) unsigned NOT NULL AUTO_INCREMENT,
  `quote_request_id` int(10) unsigned NOT NULL,
  `image_path` varchar(255) COLLATE utf8_unicode_ci NOT NULL,
  `created_at` timestamp NOT NULL DEFAULT '0000-00-00 00:00:00',
  `updated_at` timestamp NOT NULL DEFAULT '0000-00-00 00:00:00',
  PRIMARY KEY (`id`),
  KEY `quote_images_quote_request_id_foreign` (`quote_request_id`),
  CONSTRAINT `quote_images_quote_request_id_foreign` FOREIGN KEY (`quote_request_id`) REFERENCES `quote_requests` (`id`) ON DELETE CASCADE
) ENGINE=InnoDB AUTO_INCREMENT=125 DEFAULT CHARSET=utf8 COLLATE=utf8_unicode_ci;
/*!40101 SET character_set_client = @saved_cs_client */;

--
-- Dumping data for table `quote_images`
--

LOCK TABLES `quote_images` WRITE;
/*!40000 ALTER TABLE `quote_images` DISABLE KEYS */;
INSERT INTO `quote_images` VALUES (1,1,'/useruploads/logos/14397829901439560067shoppingcartcircle.png','2015-08-16 19:43:37','2015-08-16 19:43:37'),(2,3,'/useruploads/logos/1440755867urn-among-the-stars-nocal-1680x1200.png','2015-08-28 01:58:18','2015-08-28 01:58:18'),(3,6,'/useruploads/logos/1442300924RLM Logo.jpg','2015-09-14 23:09:39','2015-09-14 23:09:39'),(4,9,'/useruploads/logos/1442861482unnamed.jpg','2015-09-21 10:51:56','2015-09-21 10:51:56'),(5,15,'/useruploads/logos/1444286278TPI Logo.png','2015-10-07 22:39:26','2015-10-07 22:39:26'),(6,18,'/useruploads/logos/1444633773golf.jpg','2015-10-11 23:12:23','2015-10-11 23:12:23'),(7,20,'/useruploads/logos/1444996745Logo Elektronies.jpg','2015-10-16 04:00:14','2015-10-16 04:00:14'),(8,21,'/useruploads/logos/1445072758Jay club Logo.png','2015-10-17 01:08:32','2015-10-17 01:08:32'),(9,22,'/useruploads/logos/1445073329Jay club Logo.png','2015-10-17 01:18:36','2015-10-17 01:18:36'),(10,24,'/useruploads/logos/1445971505image.jpeg','2015-10-27 10:46:05','2015-10-27 10:46:05'),(11,25,'/useruploads/logos/1446064065listing_square_1300898151279933441.jpg','2015-10-28 12:35:32','2015-10-28 12:35:32'),(12,25,'/useruploads/logos/1446064073logo3.png','2015-10-28 12:35:32','2015-10-28 12:35:32'),(13,25,'/useruploads/logos/1446064086Fairways-logo.png','2015-10-28 12:35:32','2015-10-28 12:35:32'),(14,25,'/useruploads/logos/14460640931368536699_BCCGA.png','2015-10-28 12:35:32','2015-10-28 12:35:32'),(15,25,'/useruploads/logos/1446064109parkviewgolfclub.png','2015-10-28 12:35:32','2015-10-28 12:35:32'),(16,25,'/useruploads/logos/1446064117photo.jpg','2015-10-28 12:35:32','2015-10-28 12:35:32'),(17,25,'/useruploads/logos/1446064120plett-country-club1.jpg','2015-10-28 12:35:32','2015-10-28 12:35:32'),(18,25,'/useruploads/logos/1446064123Sabi_Ft.jpg','2015-10-28 12:35:32','2015-10-28 12:35:32'),(19,25,'/useruploads/logos/1446064129poratiewe logo stack vertikaal_CMYK.jpg','2015-10-28 12:35:32','2015-10-28 12:35:32'),(20,25,'/useruploads/logos/1446064168knysna-golf-club-logo1.jpg','2015-10-28 12:35:32','2015-10-28 12:35:32'),(21,25,'/useruploads/logos/1446064192plett-country-club1.jpg','2015-10-28 12:35:32','2015-10-28 12:35:32'),(22,25,'/useruploads/logos/1446064228af291e834b9dc86d878d60ac2c7_400x400.png','2015-10-28 12:35:32','2015-10-28 12:35:32'),(23,25,'/useruploads/logos/1446064336sakabula.jpg','2015-10-28 12:35:32','2015-10-28 12:35:32'),(24,25,'/useruploads/logos/1446064348download.png','2015-10-28 12:35:32','2015-10-28 12:35:32'),(25,26,'/useruploads/logos/1446090223Real Green Final logo (B).jpg','2015-10-28 19:44:35','2015-10-28 19:44:35'),(26,27,'/useruploads/logos/1446090223Real Green Final logo (B).jpg','2015-10-28 19:44:35','2015-10-28 19:44:35'),(27,29,'/useruploads/logos/1446532669images.jpg','2015-11-02 22:39:57','2015-11-02 22:39:57'),(28,30,'/useruploads/logos/1446638279eva.png','2015-11-04 04:07:54','2015-11-04 04:07:54'),(29,30,'/useruploads/logos/1446638700rick.png','2015-11-04 04:07:54','2015-11-04 04:07:54'),(30,32,'/useruploads/logos/1447055739Edit.png','2015-11-08 23:56:40','2015-11-08 23:56:40'),(31,33,'/useruploads/logos/1447164767FTI.03.JPG','2015-11-10 06:15:32','2015-11-10 06:15:32'),(32,35,'/useruploads/logos/1447229952logo1.png','2015-11-11 00:21:10','2015-11-11 00:21:10'),(33,37,'/useruploads/logos/1448455025image.jpg','2015-11-25 04:38:18','2015-11-25 04:38:18'),(34,38,'/useruploads/logos/1448969147image.jpg','2015-12-01 03:27:54','2015-12-01 03:27:54'),(35,38,'/useruploads/logos/1448969173image.jpg','2015-12-01 03:27:54','2015-12-01 03:27:54'),(36,38,'/useruploads/logos/1448969187image.jpg','2015-12-01 03:27:54','2015-12-01 03:27:54'),(37,39,'/useruploads/logos/1449183190reen Shot 2015-12-04 at 12.56.31 AM.png','2015-12-03 14:57:56','2015-12-03 14:57:56'),(38,40,'/useruploads/logos/1449427785Iron maiden.jpg','2015-12-06 10:51:24','2015-12-06 10:51:24'),(39,42,'/useruploads/logos/1451125013vongee.PNG','2015-12-26 02:23:53','2015-12-26 02:23:53'),(40,43,'/useruploads/logos/1451243679carl von guilleaume.PNG','2015-12-27 11:19:09','2015-12-27 11:19:09'),(41,44,'/useruploads/logos/1451243679carl von guilleaume.PNG','2015-12-27 11:19:09','2015-12-27 11:19:09'),(42,45,'/useruploads/logos/1451243679carl von guilleaume.PNG','2015-12-27 11:19:09','2015-12-27 11:19:09'),(43,46,'/useruploads/logos/1452094001JT 02.jpg','2016-01-06 07:29:11','2016-01-06 07:29:11'),(44,47,'/useruploads/logos/1452094001JT 02.jpg','2016-01-06 07:29:11','2016-01-06 07:29:11'),(45,48,'/useruploads/logos/1452581190Meltwater logo.png','2016-01-11 22:50:17','2016-01-11 22:50:17'),(46,53,'/useruploads/logos/1453647628andre golf.png','2016-01-24 07:01:19','2016-01-24 07:01:19'),(47,55,'/useruploads/logos/1454321892Hashil.png','2016-02-01 02:22:22','2016-02-01 02:22:22'),(48,58,'/useruploads/logos/1455031852385px-AtalantaBC.jpg','2016-02-09 07:33:48','2016-02-09 07:33:48'),(49,59,'/useruploads/logos/1455449587lourens.jpg','2016-02-14 03:34:05','2016-02-14 03:34:05'),(50,67,'/useruploads/logos/1459175766image.jpeg','2016-03-28 06:40:07','2016-03-28 06:40:07'),(51,71,'/useruploads/logos/1461065001Pig Image.png','2016-04-19 03:24:25','2016-04-19 03:24:25'),(52,73,'/useruploads/logos/1461518975mellish.jpg','2016-04-24 09:30:03','2016-04-24 09:30:03'),(53,74,'/useruploads/logos/1461674341LOGO.jpg','2016-04-26 04:41:25','2016-04-26 04:41:25'),(54,75,'/useruploads/logos/1462455669The Pro Shop logo High Res.jpg','2016-05-05 05:42:03','2016-05-05 05:42:03'),(55,75,'/useruploads/logos/1462455691The Pro Shop logo High Res.jpg','2016-05-05 05:42:03','2016-05-05 05:42:03'),(56,76,'/useruploads/logos/1462523093image.jpeg','2016-05-06 00:26:10','2016-05-06 00:26:10'),(57,77,'/useruploads/logos/1462731055images.png','2016-05-08 10:11:33','2016-05-08 10:11:33'),(58,79,'/useruploads/logos/1463575590MENTA NOVA FINAL LOGO 2.jpeg','2016-05-18 04:52:46','2016-05-18 04:52:46'),(59,79,'/useruploads/logos/1463575684MENTA NOVA FINAL LOGO 2.jpeg','2016-05-18 04:52:46','2016-05-18 04:52:46'),(60,79,'/useruploads/logos/1463575762MENTA NOVA FINAL LOGO 1 JPEG.jpeg','2016-05-18 04:52:46','2016-05-18 04:52:46'),(61,79,'/useruploads/logos/1463575812English 2015 Transparent_001.jpg','2016-05-18 04:52:46','2016-05-18 04:52:46'),(62,81,'/useruploads/logos/1464260616NEW BC LOGO (1).jpg','2016-05-26 03:05:53','2016-05-26 03:05:53'),(63,81,'/useruploads/logos/1464260630NEW BC LOGO (1).jpg','2016-05-26 03:05:53','2016-05-26 03:05:53'),(64,81,'/useruploads/logos/1464260638NEW BC LOGO (1).jpg','2016-05-26 03:05:53','2016-05-26 03:05:53'),(65,81,'/useruploads/logos/1464260656NEW BC LOGO (1).jpg','2016-05-26 03:05:53','2016-05-26 03:05:53'),(66,81,'/useruploads/logos/1464260670NEW BC LOGO (1).jpg','2016-05-26 03:05:53','2016-05-26 03:05:53'),(67,81,'/useruploads/logos/1464260676NEW BC LOGO (1).jpg','2016-05-26 03:05:53','2016-05-26 03:05:53'),(68,81,'/useruploads/logos/1464260678NEW BC LOGO (1).jpg','2016-05-26 03:05:53','2016-05-26 03:05:53'),(69,82,'/useruploads/logos/14643316250954552250195_7483075499566634905_n.jpg','2016-05-26 22:47:52','2016-05-26 22:47:52'),(70,83,'/useruploads/logos/1464333461usa10.jpg','2016-05-26 23:18:05','2016-05-26 23:18:05'),(71,84,'/useruploads/logos/1464790936Mandalay-Group.jpg','2016-06-01 06:23:32','2016-06-01 06:23:32'),(72,84,'/useruploads/logos/1464790962Logo TS.jpg','2016-06-01 06:23:32','2016-06-01 06:23:32'),(73,89,'/useruploads/logos/1467217893Pa 60_balle.jpg','2016-06-29 08:32:31','2016-06-29 08:32:31'),(74,89,'/useruploads/logos/1467217936Pa 60_sak.jpg','2016-06-29 08:32:31','2016-06-29 08:32:31'),(75,90,'/useruploads/logos/1467871020Ngiri logo.png','2016-07-06 21:58:20','2016-07-06 21:58:20'),(76,91,'/useruploads/logos/1468321932Synergy with website.png','2016-07-12 03:13:48','2016-07-12 03:13:48'),(77,92,'/useruploads/logos/1468700722Untitled presentation.png','2016-07-16 12:37:49','2016-07-16 12:37:49'),(78,93,'/useruploads/logos/1469516568Logo.png','2016-07-25 23:03:31','2016-07-25 23:03:31'),(79,98,'/useruploads/logos/1470983178Wildlife Logo.02.jpg','2016-08-11 22:27:35','2016-08-11 22:27:35'),(80,99,'/useruploads/logos/1471246314oli_h_15mm.jpg','2016-08-14 23:32:51','2016-08-14 23:32:51'),(81,100,'/useruploads/logos/1471514596Logo.png','2016-08-18 02:04:04','2016-08-18 02:04:04'),(82,101,'/useruploads/logos/1471675400Logo met Nr.jpg','2016-08-19 22:44:29','2016-08-19 22:44:29'),(83,104,'/useruploads/logos/1472990607images.png','2016-09-04 04:05:06','2016-09-04 04:05:06'),(84,106,'/useruploads/logos/1473229238SAMS Logo (Front).jpg','2016-09-06 22:21:49','2016-09-06 22:21:49'),(85,107,'/useruploads/logos/1473399593farmitude.png','2016-09-08 21:41:03','2016-09-08 21:41:03'),(86,110,'/useruploads/logos/1474540378angry-chili-22787227.jpg','2016-09-22 02:33:59','2016-09-22 02:33:59'),(87,116,'/useruploads/logos/1477497616VOIDCON LOGO_small.jpg','2016-10-26 08:01:32','2016-10-26 08:01:32'),(88,116,'/useruploads/logos/1477497627VOIDCON LOGO (2).jpg','2016-10-26 08:01:32','2016-10-26 08:01:32'),(89,117,'/useruploads/logos/1477557780Ball.png','2016-10-27 00:44:35','2016-10-27 00:44:35'),(90,120,'/useruploads/logos/1478597859heino square.JPG','2016-11-08 01:38:39','2016-11-08 01:38:39'),(91,123,'/useruploads/logos/1479220598C & C Big 5.jpg','2016-11-15 06:38:28','2016-11-15 06:38:28'),(92,124,'/useruploads/logos/1479220598C & C Big 5.jpg','2016-11-15 06:38:29','2016-11-15 06:38:29'),(93,125,'/useruploads/logos/14794949192999524.jpg','2016-11-18 10:54:50','2016-11-18 10:54:50'),(94,126,'/useruploads/logos/1479581679downloadfile.png','2016-11-19 11:06:27','2016-11-19 11:06:27'),(95,127,'/useruploads/logos/1480426854BARACAS LOGO-01.jpg','2016-11-29 05:41:42','2016-11-29 05:41:42'),(96,129,'/useruploads/logos/1481026204Mr-HH.png','2016-12-06 04:10:28','2016-12-06 04:10:28'),(97,131,'/useruploads/logos/1481567097Date.PNG','2016-12-12 10:27:13','2016-12-12 10:27:13'),(98,131,'/useruploads/logos/1481567108IMG-20160814-WA0000 (2).jpg','2016-12-12 10:27:13','2016-12-12 10:27:13'),(99,131,'/useruploads/logos/1481567119IMG-20160815-WA0000.jpg','2016-12-12 10:27:13','2016-12-12 10:27:13'),(100,131,'/useruploads/logos/1481567133IMG-20161112-WA0005 (2).jpg','2016-12-12 10:27:13','2016-12-12 10:27:13'),(101,131,'/useruploads/logos/1481567139IMG-20161130-WA0003 (2).jpg','2016-12-12 10:27:13','2016-12-12 10:27:13'),(102,131,'/useruploads/logos/1481567143IMG-20161130-WA0004 (3).jpg','2016-12-12 10:27:13','2016-12-12 10:27:13'),(103,131,'/useruploads/logos/1481567144Names.PNG','2016-12-12 10:27:13','2016-12-12 10:27:13'),(104,131,'/useruploads/logos/1481567145OUR.PNG','2016-12-12 10:27:13','2016-12-12 10:27:13'),(105,131,'/useruploads/logos/1481567146TOGETHER.PNG','2016-12-12 10:27:13','2016-12-12 10:27:13'),(106,131,'/useruploads/logos/1481567147US.PNG','2016-12-12 10:27:13','2016-12-12 10:27:13'),(107,131,'/useruploads/logos/1481567148we.PNG','2016-12-12 10:27:13','2016-12-12 10:27:13'),(108,131,'/useruploads/logos/148156715820161212_200919 (2).jpg','2016-12-12 10:27:13','2016-12-12 10:27:13'),(109,133,'/useruploads/logos/1481872871image.jpeg','2016-12-15 23:29:08','2016-12-15 23:29:08'),(110,134,'/useruploads/logos/1484743348Level 2_Guest Experience_LR.png','2017-01-18 04:43:07','2017-01-18 04:43:07'),(111,136,'/useruploads/logos/1485787814SFF Banner Logo-02.png','2017-01-30 06:52:21','2017-01-30 06:52:21'),(112,139,'/useruploads/logos/1486324357IMG_0328.JPG','2017-02-05 11:54:28','2017-02-05 11:54:28'),(113,140,'/useruploads/logos/1486490833image003.jpg','2017-02-07 10:08:24','2017-02-07 10:08:24'),(114,141,'/useruploads/logos/1486545512Ball Pick.PNG','2017-02-08 01:19:05','2017-02-08 01:19:05'),(115,142,'/useruploads/logos/14869158012017-02-12 18.08.19.png','2017-02-12 08:11:27','2017-02-12 08:11:27'),(116,142,'/useruploads/logos/14869158162017-02-12 18.05.31.png','2017-02-12 08:11:27','2017-02-12 08:11:27'),(117,143,'/useruploads/logos/14869159292017-02-12 18.05.31.png','2017-02-12 08:12:50','2017-02-12 08:12:50'),(118,144,'/useruploads/logos/1487606003IMG_4764.JPG','2017-02-20 07:54:11','2017-02-20 07:54:11'),(119,145,'/useruploads/logos/1488295052Rhino Golf Ball Logo.jpg','2017-02-28 07:17:53','2017-02-28 07:17:53'),(120,147,'/useruploads/logos/1488466980IMG_0603.PNG','2017-03-02 07:03:55','2017-03-02 07:03:55'),(121,148,'/useruploads/logos/1488794820Bryan-designstyle-kiddo-m.png','2017-03-06 02:08:58','2017-03-06 02:08:58'),(122,149,'/useruploads/logos/1489580573image006.png','2017-03-15 04:23:30','2017-03-15 04:23:30'),(123,150,'/useruploads/logos/1489592721IMG_0131.JPG','2017-03-15 07:46:24','2017-03-15 07:46:24'),(124,152,'/useruploads/logos/1490033224xtreme.jpg','2017-03-20 10:08:26','2017-03-20 10:08:26');
/*!40000 ALTER TABLE `quote_images` ENABLE KEYS */;
UNLOCK TABLES;

--
-- Table structure for table `quote_products`
--

DROP TABLE IF EXISTS `quote_products`;
/*!40101 SET @saved_cs_client     = @@character_set_client */;
/*!40101 SET character_set_client = utf8 */;
CREATE TABLE `quote_products` (
  `id` int(10) unsigned NOT NULL AUTO_INCREMENT,
  `quote_request_id` int(10) unsigned NOT NULL,
  `product_name` varchar(255) COLLATE utf8_unicode_ci NOT NULL,
  `quantity` int(10) unsigned NOT NULL,
  `created_at` timestamp NOT NULL DEFAULT '0000-00-00 00:00:00',
  `updated_at` timestamp NOT NULL DEFAULT '0000-00-00 00:00:00',
  PRIMARY KEY (`id`),
  KEY `quote_products_quote_request_id_foreign` (`quote_request_id`),
  CONSTRAINT `quote_products_quote_request_id_foreign` FOREIGN KEY (`quote_request_id`) REFERENCES `quote_requests` (`id`) ON DELETE CASCADE
) ENGINE=InnoDB AUTO_INCREMENT=164 DEFAULT CHARSET=utf8 COLLATE=utf8_unicode_ci;
/*!40101 SET character_set_client = @saved_cs_client */;

--
-- Dumping data for table `quote_products`
--

LOCK TABLES `quote_products` WRITE;
/*!40000 ALTER TABLE `quote_products` DISABLE KEYS */;
INSERT INTO `quote_products` VALUES (1,1,'Nike PD Soft X 12',36,'2015-08-16 19:43:37','2015-08-16 19:43:37'),(2,2,'NIKE PD SOFT X 12',24,'2015-08-18 16:21:44','2015-08-18 16:21:44'),(3,2,'Nike PD Soft X 12',36,'2015-08-18 16:21:44','2015-08-18 16:21:44'),(4,2,'NikE PD SOFT X 12',108,'2015-08-18 16:21:44','2015-08-18 16:21:44'),(5,3,'TITLEIST  12 pack Pro V1X Golf Balls',48,'2015-08-28 01:58:18','2015-08-28 01:58:18'),(6,3,'TITLEIST 12 pack Pro V1 golf balls',84,'2015-08-28 01:58:18','2015-08-28 01:58:18'),(7,4,'TITLEIST 12 pack Pro V1 golf balls',12,'2015-09-08 23:14:17','2015-09-08 23:14:17'),(8,5,'NIKE Dozen PD9 Soft Golf Ball',12,'2015-09-11 01:34:07','2015-09-11 01:34:07'),(9,6,'SRIXON 12 Pack Distance Golf Balls',12,'2015-09-14 23:09:39','2015-09-14 23:09:39'),(10,7,'TITLEIST  12 pack Pro V1X Golf Balls',12,'2015-09-15 03:03:51','2015-09-15 03:03:51'),(11,8,'TITLEIST 12 pack Pro V1 golf balls',24,'2015-09-21 04:44:35','2015-09-21 04:44:35'),(12,9,'WILSON 12 Pack DX2 Golf Ball',12,'2015-09-21 10:51:56','2015-09-21 10:51:56'),(13,10,'NIKE Dozen PD9 Soft Golf Ball',24,'2015-09-27 16:43:54','2015-09-27 16:43:54'),(14,11,'TITLEIST 12 Pack Velocity Golf Balls',108,'2015-10-01 04:30:40','2015-10-01 04:30:40'),(15,12,'TITLEIST 12 Pack Velocity Golf Balls',108,'2015-10-01 04:35:10','2015-10-01 04:35:10'),(16,13,'TITLEIST 12 Pack Velocity Golf Balls',108,'2015-10-01 04:38:24','2015-10-01 04:38:24'),(17,14,'TOP FLITE 12 Pack Strata Golf Balls',120,'2015-10-02 01:14:36','2015-10-02 01:14:36'),(18,15,'SRIXON 12 Pack  AD333 golf balls',72,'2015-10-07 22:39:26','2015-10-07 22:39:26'),(19,16,'TITLEIST  12 pack Pro V1X Golf Balls',12,'2015-10-08 08:49:35','2015-10-08 08:49:35'),(20,17,'SRIXON 12 Pack  AD333 golf balls',12,'2015-10-09 07:29:32','2015-10-09 07:29:32'),(21,18,'NIKE Dozen PD9 Soft Golf Ball',84,'2015-10-11 23:12:23','2015-10-11 23:12:23'),(22,19,'TITLEIST 2 Dozen NXT Tour golf balls',12,'2015-10-15 03:17:46','2015-10-15 03:17:46'),(23,20,'SRIXON 12 Pack Soft Feel Golf Balls',12,'2015-10-16 04:00:14','2015-10-16 04:00:14'),(24,21,'SRIXON 12 Pack Soft Feel Golf Balls',12,'2015-10-17 01:08:32','2015-10-17 01:08:32'),(25,22,'SRIXON 12 Pack  AD333 golf balls',12,'2015-10-17 01:18:36','2015-10-17 01:18:36'),(26,23,'TOP FLITE 12 Pack Strata Golf Balls',12,'2015-10-23 03:25:20','2015-10-23 03:25:20'),(27,24,'TITLEIST 2 Dozen NXT Tour golf balls',60,'2015-10-27 10:46:05','2015-10-27 10:46:05'),(28,25,'SRIXON 12 Pack Soft Feel Golf Balls',12,'2015-10-28 12:35:32','2015-10-28 12:35:32'),(29,26,'NIKE Double Dozen Super Far Golf Balls',48,'2015-10-28 19:44:35','2015-10-28 19:44:35'),(30,27,'NIKE Double Dozen Super Far Golf Balls',48,'2015-10-28 19:44:35','2015-10-28 19:44:35'),(31,29,'SRIXON 12 Pack Soft Feel Golf Balls',12,'2015-11-02 22:39:57','2015-11-02 22:39:57'),(32,30,'SRIXON 12 Pack  AD333 golf balls',24,'2015-11-04 04:07:54','2015-11-04 04:07:54'),(33,31,'TITLEIST 12 pack Pro V1 golf balls',12,'2015-11-07 21:30:11','2015-11-07 21:30:11'),(34,32,'TITLEIST  12 pack Pro V1X Golf Balls',12,'2015-11-08 23:56:40','2015-11-08 23:56:40'),(35,33,'NIKE Dozen PD9 Soft Golf Ball',24,'2015-11-10 06:15:32','2015-11-10 06:15:32'),(36,34,'SRIXON 12 Pack Soft Feel Golf Balls',120,'2015-11-10 23:10:13','2015-11-10 23:10:13'),(37,35,'NIKE Double Dozen Super Far Golf Balls',24,'2015-11-11 00:21:10','2015-11-11 00:21:10'),(38,36,'TITLEIST 12 pack Pro V1 golf balls',120,'2015-11-15 06:26:32','2015-11-15 06:26:32'),(39,36,'SRIXON 12 Pack Soft Feel Golf Balls',60,'2015-11-15 06:26:32','2015-11-15 06:26:32'),(40,36,'TITLEIST 12 Pack Velocity Golf Balls',60,'2015-11-15 06:26:32','2015-11-15 06:26:32'),(41,37,'SRIXON 12 Pack  AD333 golf balls',48,'2015-11-25 04:38:18','2015-11-25 04:38:18'),(42,38,'TITLEIST  12 pack Pro V1X Golf Balls',24,'2015-12-01 03:27:54','2015-12-01 03:27:54'),(43,38,'SRIXON 12 Pack  AD333 golf balls',24,'2015-12-01 03:27:54','2015-12-01 03:27:54'),(44,39,'TITLEIST 12 Pack Velocity Golf Balls',12,'2015-12-03 14:57:56','2015-12-03 14:57:56'),(45,40,'TITLEIST  12 pack Pro V1X Golf Balls',12,'2015-12-06 10:51:24','2015-12-06 10:51:24'),(46,41,'TITLEIST  12 pack Pro V1X Golf Balls',12,'2015-12-10 14:48:28','2015-12-10 14:48:28'),(47,42,'SRIXON 12 Pack Distance Golf Balls',12,'2015-12-26 02:23:53','2015-12-26 02:23:53'),(48,43,'TITLEIST 12 pack Pro V1 golf balls',12,'2015-12-27 11:19:09','2015-12-27 11:19:09'),(49,44,'TITLEIST 12 pack Pro V1 golf balls',12,'2015-12-27 11:19:09','2015-12-27 11:19:09'),(50,45,'TITLEIST 12 pack Pro V1 golf balls',12,'2015-12-27 11:19:09','2015-12-27 11:19:09'),(51,46,'NIKE Dozen PD9 Soft Golf Ball',36,'2016-01-06 07:29:11','2016-01-06 07:29:11'),(52,47,'NIKE Dozen PD9 Soft Golf Ball',36,'2016-01-06 07:29:11','2016-01-06 07:29:11'),(53,48,'TITLEIST  12 pack Pro V1X Golf Balls',12,'2016-01-11 22:50:17','2016-01-11 22:50:17'),(54,48,'TITLEIST 12 pack Pro V1 golf balls',12,'2016-01-11 22:50:17','2016-01-11 22:50:17'),(55,49,'TITLEIST  12 pack Pro V1X Golf Balls',120,'2016-01-15 06:52:56','2016-01-15 06:52:56'),(56,50,'TITLEIST 12 Pack Velocity Golf Balls',120,'2016-01-18 01:41:21','2016-01-18 01:41:21'),(57,51,'TITLEIST  12 pack Pro V1X Golf Balls',12,'2016-01-20 07:51:56','2016-01-20 07:51:56'),(58,52,'TITLEIST  12 pack Pro V1X Golf Balls',12,'2016-01-22 03:41:16','2016-01-22 03:41:16'),(59,53,'SRIXON 12 Pack Soft Feel Golf Balls',12,'2016-01-24 07:01:19','2016-01-24 07:01:19'),(60,54,'SRIXON 12 Pack Soft Feel Golf Balls',12,'2016-01-26 11:33:06','2016-01-26 11:33:06'),(61,55,'TITLEIST  12 pack Pro V1X Golf Balls',12,'2016-02-01 02:22:22','2016-02-01 02:22:22'),(62,56,'NIKE Double Dozen Super Far Golf Balls',120,'2016-02-01 12:57:10','2016-02-01 12:57:10'),(63,57,'TITLEIST  12 pack Pro V1X Golf Balls',12,'2016-02-02 10:38:09','2016-02-02 10:38:09'),(64,58,'TITLEIST 12 pack Pro V1 golf balls',12,'2016-02-09 07:33:48','2016-02-09 07:33:48'),(65,59,'WILSON 12 Pack DX2 Golf Ball',12,'2016-02-14 03:34:05','2016-02-14 03:34:05'),(66,60,'SRIXON 12 Pack Soft Feel Golf Balls',120,'2016-02-16 00:51:19','2016-02-16 00:51:19'),(67,62,'SRIXON 12 Pack Soft Feel Golf Balls',12,'2016-02-20 07:56:50','2016-02-20 07:56:50'),(68,64,'SRIXON 12 Pack  AD333 golf balls',48,'2016-02-29 06:13:40','2016-02-29 06:13:40'),(69,65,'SRIXON 12 Pack Distance Golf Balls',12,'2016-03-26 02:01:06','2016-03-26 02:01:06'),(70,66,'SRIXON 12 Pack Soft Feel Golf Balls',12,'2016-03-28 04:37:59','2016-03-28 04:37:59'),(71,67,'NIKE Dozen PD9 Soft Golf Ball',12,'2016-03-28 06:40:07','2016-03-28 06:40:07'),(72,68,'TITLEIST 12 pack Pro V1 golf balls',12,'2016-04-05 06:47:54','2016-04-05 06:47:54'),(73,69,'SRIXON 12 Pack  AD333 golf balls',120,'2016-04-12 00:06:23','2016-04-12 00:06:23'),(74,70,'NIKE Double Dozen Super Far Golf Balls',48,'2016-04-15 08:14:50','2016-04-15 08:14:50'),(75,71,'TITLEIST 12 pack Pro V1 golf balls',12,'2016-04-19 03:24:25','2016-04-19 03:24:25'),(76,72,'TITLEIST  12 pack Pro V1X Golf Balls',48,'2016-04-21 09:41:48','2016-04-21 09:41:48'),(77,73,'TITLEIST 12 pack Pro V1 golf balls',12,'2016-04-24 09:30:03','2016-04-24 09:30:03'),(78,74,'SRIXON 12 Pack  AD333 golf balls',12,'2016-04-26 04:41:25','2016-04-26 04:41:25'),(79,75,'TITLEIST  12 pack Pro V1X Golf Balls',12,'2016-05-05 05:42:03','2016-05-05 05:42:03'),(80,76,'WILSON 12 Pack DX2 Golf Ball',12,'2016-05-06 00:26:10','2016-05-06 00:26:10'),(81,77,'NIKE Dozen PD9 Soft Golf Ball',12,'2016-05-08 10:11:33','2016-05-08 10:11:33'),(82,78,'TITLEIST  12 pack Pro V1X Golf Balls',12,'2016-05-18 02:53:37','2016-05-18 02:53:37'),(83,78,'TITLEIST 12 pack Pro V1 golf balls',12,'2016-05-18 02:53:37','2016-05-18 02:53:37'),(84,79,'NIKE Dozen PD9 Soft Golf Ball',36,'2016-05-18 04:52:46','2016-05-18 04:52:46'),(85,80,'TITLEIST  12 pack Pro V1X Golf Balls',96,'2016-05-20 00:02:06','2016-05-20 00:02:06'),(86,81,'SRIXON 12 Pack Soft Feel Golf Balls',120,'2016-05-26 03:05:53','2016-05-26 03:05:53'),(87,82,'TITLEIST  12 pack Pro V1X Golf Balls',12,'2016-05-26 22:47:52','2016-05-26 22:47:52'),(88,83,'TITLEIST 12 pack Pro V1 golf balls',12,'2016-05-26 23:18:05','2016-05-26 23:18:05'),(89,84,'TITLEIST 12 pack Pro V1 golf balls',120,'2016-06-01 06:23:32','2016-06-01 06:23:32'),(90,85,'TITLEIST 12 pack Pro V1 golf balls',12,'2016-06-02 05:08:24','2016-06-02 05:08:24'),(91,86,'NIKE Double Dozen Super Far Golf Balls',12,'2016-06-21 09:40:19','2016-06-21 09:40:19'),(92,87,'SRIXON 12 Pack Soft Feel Golf Balls',12,'2016-06-24 02:06:34','2016-06-24 02:06:34'),(93,88,'SRIXON 12 Pack  AD333 golf balls',24,'2016-06-24 05:55:59','2016-06-24 05:55:59'),(94,89,'SRIXON 12 Pack Distance Golf Balls',12,'2016-06-29 08:32:31','2016-06-29 08:32:31'),(95,90,'SRIXON 12 Pack Distance Golf Balls',12,'2016-07-06 21:58:20','2016-07-06 21:58:20'),(96,91,'TITLEIST 12 pack Pro V1 golf balls',48,'2016-07-12 03:13:48','2016-07-12 03:13:48'),(97,92,'TITLEIST  12 pack Pro V1X Golf Balls',12,'2016-07-16 12:37:49','2016-07-16 12:37:49'),(98,93,'TITLEIST 12 pack Pro V1 golf balls',48,'2016-07-25 23:03:31','2016-07-25 23:03:31'),(99,94,'TITLEIST  12 pack Pro V1X Golf Balls',24,'2016-07-27 05:50:25','2016-07-27 05:50:25'),(100,95,'SRIXON 12 Pack Distance Golf Balls',36,'2016-07-28 10:16:25','2016-07-28 10:16:25'),(101,95,'SRIXON 12 Pack  AD333 golf balls',60,'2016-07-28 10:16:25','2016-07-28 10:16:25'),(102,96,'TITLEIST  12 pack Pro V1X Golf Balls',12,'2016-07-30 00:48:45','2016-07-30 00:48:45'),(103,97,'TITLEIST  12 pack Pro V1X Golf Balls',12,'2016-07-30 00:51:32','2016-07-30 00:51:32'),(104,98,'TITLEIST  12 pack Pro V1X Golf Balls',12,'2016-08-11 22:27:35','2016-08-11 22:27:35'),(105,99,'TITLEIST 12 pack Pro V1 golf balls',60,'2016-08-14 23:32:51','2016-08-14 23:32:51'),(106,99,'NIKE Dozen PD9 Soft Golf Ball',120,'2016-08-14 23:32:51','2016-08-14 23:32:51'),(107,99,'NIKE Double Dozen Super Far Golf Balls',120,'2016-08-14 23:32:51','2016-08-14 23:32:51'),(108,99,'SRIXON 12 Pack Soft Feel Golf Balls',120,'2016-08-14 23:32:51','2016-08-14 23:32:51'),(109,100,'SRIXON 12 Pack Distance Golf Balls',24,'2016-08-18 02:04:04','2016-08-18 02:04:04'),(110,101,'WILSON 12 Pack DX2 Golf Ball',12,'2016-08-19 22:44:29','2016-08-19 22:44:29'),(111,102,'TOP FLITE 12 Pack Strata Golf Balls',48,'2016-08-22 11:28:17','2016-08-22 11:28:17'),(112,103,'SRIXON 12 Pack Soft Feel Golf Balls',24,'2016-08-31 06:51:10','2016-08-31 06:51:10'),(113,104,'SRIXON 12 Pack Distance Golf Balls',12,'2016-09-04 04:05:06','2016-09-04 04:05:06'),(114,105,'SRIXON 12 Pack Distance Golf Balls',12,'2016-09-04 04:10:47','2016-09-04 04:10:47'),(115,106,'SRIXON 12 Pack  AD333 golf balls',120,'2016-09-06 22:21:49','2016-09-06 22:21:49'),(116,107,'SRIXON 12 Pack Distance Golf Balls',12,'2016-09-08 21:41:03','2016-09-08 21:41:03'),(117,107,'SRIXON 12 Pack Soft Feel Golf Balls',12,'2016-09-08 21:41:03','2016-09-08 21:41:03'),(118,108,'TITLEIST  12 pack Pro V1X Golf Balls',12,'2016-09-09 14:09:03','2016-09-09 14:09:03'),(119,109,'TITLEIST  12 pack Pro V1X Golf Balls',12,'2016-09-19 12:14:44','2016-09-19 12:14:44'),(120,110,'SRIXON 12 Pack Soft Feel Golf Balls',60,'2016-09-22 02:33:59','2016-09-22 02:33:59'),(121,111,'TITLEIST  12 pack Pro V1X Golf Balls',12,'2016-09-29 05:40:43','2016-09-29 05:40:43'),(122,112,'TITLEIST  12 pack Pro V1X Golf Balls',12,'2016-10-12 11:52:24','2016-10-12 11:52:24'),(123,114,'TITLEIST 12 pack Pro V1 golf balls',48,'2016-10-19 09:27:45','2016-10-19 09:27:45'),(124,115,'TITLEIST  12 pack Pro V1X Golf Balls',60,'2016-10-25 10:31:01','2016-10-25 10:31:01'),(125,116,'SRIXON 12 Pack  AD333 golf balls',24,'2016-10-26 08:01:32','2016-10-26 08:01:32'),(126,117,'NIKE Double Dozen Super Far Golf Balls',24,'2016-10-27 00:44:35','2016-10-27 00:44:35'),(127,118,'TITLEIST 12 pack Pro V1 golf balls',12,'2016-11-04 02:34:58','2016-11-04 02:34:58'),(128,119,'TITLEIST  12 pack Pro V1X Golf Balls',12,'2016-11-07 03:00:05','2016-11-07 03:00:05'),(129,120,'TITLEIST 12 pack Pro V1 golf balls',12,'2016-11-08 01:38:39','2016-11-08 01:38:39'),(130,121,'SRIXON 12 Pack  AD333 golf balls',12,'2016-11-10 08:25:28','2016-11-10 08:25:28'),(131,122,'SRIXON 12 Pack  AD333 golf balls',12,'2016-11-13 23:21:14','2016-11-13 23:21:14'),(132,123,'SRIXON 12 Pack Soft Feel Golf Balls',12,'2016-11-15 06:38:28','2016-11-15 06:38:28'),(133,124,'SRIXON 12 Pack Soft Feel Golf Balls',12,'2016-11-15 06:38:29','2016-11-15 06:38:29'),(134,125,'SRIXON 12 Pack  AD333 golf balls',120,'2016-11-18 10:54:50','2016-11-18 10:54:50'),(135,126,'NIKE Double Dozen Super Far Golf Balls',12,'2016-11-19 11:06:27','2016-11-19 11:06:27'),(136,127,'TITLEIST  12 pack Pro V1X Golf Balls',12,'2016-11-29 05:41:42','2016-11-29 05:41:42'),(137,128,'TITLEIST  12 pack Pro V1X Golf Balls',12,'2016-11-30 12:21:05','2016-11-30 12:21:05'),(138,129,'TITLEIST  12 pack Pro V1X Golf Balls',12,'2016-12-06 04:10:28','2016-12-06 04:10:28'),(139,130,'TITLEIST 12 pack Pro V1 golf balls',12,'2016-12-12 01:16:05','2016-12-12 01:16:05'),(140,131,'TITLEIST  12 pack Pro V1X Golf Balls',12,'2016-12-12 10:27:13','2016-12-12 10:27:13'),(141,132,'TITLEIST 12 pack Pro V1 golf balls',24,'2016-12-12 10:48:55','2016-12-12 10:48:55'),(142,133,'TITLEIST 12 pack Pro V1 golf balls',12,'2016-12-15 23:29:08','2016-12-15 23:29:08'),(143,134,'TITLEIST 12 Pack Velocity Golf Balls',24,'2017-01-18 04:43:07','2017-01-18 04:43:07'),(144,135,'TITLEIST  12 pack Pro V1X Golf Balls',12,'2017-01-18 06:12:05','2017-01-18 06:12:05'),(145,136,'SRIXON 12 Pack Soft Feel Golf Balls',120,'2017-01-30 06:52:21','2017-01-30 06:52:21'),(146,137,'TITLEIST 12 pack Pro V1 golf balls',12,'2017-02-01 02:02:46','2017-02-01 02:02:46'),(147,138,'TITLEIST 12 pack Pro V1 golf balls',12,'2017-02-01 02:10:24','2017-02-01 02:10:24'),(148,139,'TITLEIST 12 pack Pro V1 golf balls',24,'2017-02-05 11:54:28','2017-02-05 11:54:28'),(149,139,'TITLEIST  12 pack Pro V1X Golf Balls',12,'2017-02-05 11:54:28','2017-02-05 11:54:28'),(150,139,'SRIXON 12 Pack Soft Feel Golf Balls',12,'2017-02-05 11:54:28','2017-02-05 11:54:28'),(151,139,'NIKE 12 Pack PD Long Golf Balls',12,'2017-02-05 11:54:28','2017-02-05 11:54:28'),(152,140,'SRIXON 12 Pack Soft Feel Golf Balls',12,'2017-02-07 10:08:24','2017-02-07 10:08:24'),(153,141,'NIKE Dozen PD9 Soft Golf Ball',12,'2017-02-08 01:19:05','2017-02-08 01:19:05'),(154,142,'SRIXON 12 Pack  AD333 golf balls',12,'2017-02-12 08:11:27','2017-02-12 08:11:27'),(155,144,'SRIXON 12 Pack Distance Golf Balls',12,'2017-02-20 07:54:11','2017-02-20 07:54:11'),(156,145,'TITLEIST 12 pack Pro V1 golf balls',12,'2017-02-28 07:17:53','2017-02-28 07:17:53'),(157,146,'NIKE Double Dozen Super Far Golf Balls',48,'2017-03-01 05:29:28','2017-03-01 05:29:28'),(158,147,'SRIXON 12 Pack  AD333 golf balls',12,'2017-03-02 07:03:55','2017-03-02 07:03:55'),(159,148,'SRIXON 12 Pack Distance Golf Balls',24,'2017-03-06 02:08:58','2017-03-06 02:08:58'),(160,149,'TITLEIST 12 pack Pro V1 golf balls',24,'2017-03-15 04:23:30','2017-03-15 04:23:30'),(161,150,'TITLEIST 2 Dozen NXT Tour golf balls',36,'2017-03-15 07:46:24','2017-03-15 07:46:24'),(162,151,'SRIXON 12 Pack  AD333 golf balls',12,'2017-03-15 22:38:09','2017-03-15 22:38:09'),(163,152,'SRIXON 12 Pack Soft Feel Golf Balls',12,'2017-03-20 10:08:26','2017-03-20 10:08:26');
/*!40000 ALTER TABLE `quote_products` ENABLE KEYS */;
UNLOCK TABLES;

--
-- Table structure for table `quote_requests`
--

DROP TABLE IF EXISTS `quote_requests`;
/*!40101 SET @saved_cs_client     = @@character_set_client */;
/*!40101 SET character_set_client = utf8 */;
CREATE TABLE `quote_requests` (
  `id` int(10) unsigned NOT NULL AUTO_INCREMENT,
  `name` varchar(255) COLLATE utf8_unicode_ci NOT NULL,
  `email` varchar(255) COLLATE utf8_unicode_ci NOT NULL,
  `address` text COLLATE utf8_unicode_ci NOT NULL,
  `phone` varchar(255) COLLATE utf8_unicode_ci NOT NULL,
  `enquiry` text COLLATE utf8_unicode_ci NOT NULL,
  `packaging_A` tinyint(1) NOT NULL DEFAULT '0',
  `packaging_B` tinyint(1) NOT NULL DEFAULT '0',
  `archived` tinyint(1) NOT NULL DEFAULT '0',
  `created_at` timestamp NOT NULL DEFAULT '0000-00-00 00:00:00',
  `updated_at` timestamp NOT NULL DEFAULT '0000-00-00 00:00:00',
  PRIMARY KEY (`id`)
) ENGINE=InnoDB AUTO_INCREMENT=153 DEFAULT CHARSET=utf8 COLLATE=utf8_unicode_ci;
/*!40101 SET character_set_client = @saved_cs_client */;

--
-- Dumping data for table `quote_requests`
--

LOCK TABLES `quote_requests` WRITE;
/*!40000 ALTER TABLE `quote_requests` DISABLE KEYS */;
INSERT INTO `quote_requests` VALUES (1,'Michael Anthony Joyner','joe@example.com','5 les de jager dr','+27847719334','fuck you',1,1,1,'2015-08-16 19:43:37','2015-10-12 17:40:53'),(2,'Dick Jim','dickjim@Kimsimdim.com','67 Delaware park, New jersey, USA, 872362','+44 37637637463','I\'d like you to make me a logo.',1,0,0,'2015-08-18 16:21:44','2015-08-18 16:21:44'),(3,'Michael Anthony Joyner','joyner.michael@gmail.com','5 les de jager dr','+27847719334','I like balls. ',0,1,1,'2015-08-28 01:58:17','2015-10-12 17:41:31'),(4,'pam','koch.pamelak@gmail.com','uir','08769','riurt',0,0,0,'2015-09-08 23:14:17','2015-09-08 23:14:17'),(5,'Quintin Strydom','strydomq@gmail.com','718 Roeloe Straat','+27828190236','',0,0,0,'2015-09-11 01:34:07','2015-09-11 01:34:07'),(6,'Motsile Mosiah','info@doyze.co.za','1213 phinda Street, Tlhabane, 0309','0827450738','',0,1,0,'2015-09-14 23:09:38','2015-09-14 23:09:38'),(7,'Zuhdi','zuhdi.salie@vodacom.co.za','26 De Wet Street Goodwood Cape Town','0829940510','',0,0,0,'2015-09-15 03:03:51','2015-09-15 03:03:51'),(8,'Clifford Cobers','clifford@sascoc.co.za','70 Colorado Drive Riverlea 2093','0738225397','Print my name on the golf balls',0,0,0,'2015-09-21 04:44:35','2015-09-21 04:44:35'),(9,'Hennie Prinsloo','hendrikprinsloo@gmail.com','92 brink street','+27832911202','Tried tot up load logo, please contact me. Need 100 balls with Logo',0,1,0,'2015-09-21 10:51:56','2015-09-21 10:51:56'),(10,'Thando Ndlovu','thando@8thavestudios.com','75 Plumbago Place, Country View, Midrand','0712139258','',0,1,0,'2015-09-27 16:43:54','2015-09-27 16:43:54'),(11,'Bruce','bruce.pukke@gmail.com','11 Cilliers str','0728596010','',0,0,0,'2015-10-01 04:30:40','2015-10-01 04:30:40'),(12,'Bruce','bruce.pukke@gmail.com','11 Cilliers str.  Parys 9585','0728596010','I would like to know if its possible to package these balls individually in their own branded box and also a quote on the branded boxes ',0,0,0,'2015-10-01 04:35:10','2015-10-01 04:35:10'),(13,'Bruce','bruce.pukke@gmail.com','11 Cilliers str.  Parys 9585','0728596010','I would like to know if its possible to package these balls individually in their own branded box and also a quote on the branded boxes',0,0,0,'2015-10-01 04:38:24','2015-10-01 04:38:24'),(14,'PJ Prinsloo','pj@californiadetail.co.za','Corner Bowling & Dartfield Roads, Kramerville','0112624863','please quote and advise how long it takes to complete job',0,0,0,'2015-10-02 01:14:36','2015-10-02 01:14:36'),(15,'Divan','divan@middel.co.za','25 Sovereign Drive, Milestone Place Block B, Route 21 Corporate Park','0832355151','',0,0,0,'2015-10-07 22:39:26','2015-10-07 22:39:26'),(16,'Robyn','rdreyer@gmail.com','5 Kildare road hurlingham sandton 2196','0839976441','',0,0,0,'2015-10-08 08:49:35','2015-10-08 08:49:35'),(17,'brenda mullins','brenda@rjmcivils.co.za','3 Tarentaal Crescent','0837750077','we have a logo',0,0,0,'2015-10-09 07:29:32','2015-10-09 07:29:32'),(18,'Hugo Timmerman','hugo@wis.nl','14 Bateleur Way, Erinvale Golf Estate, Somerset West','0838238332','Hi, I would like to receive a quote for 84 printed golf balls and what the additional costs would be for printed boxes. The logo is just an example.',1,0,0,'2015-10-11 23:12:23','2015-10-11 23:12:23'),(19,'FELICIA','fmathewson@njrsteel.co.za','46 Warmbadweg, NJR Steel, Thabazimbi, 0380','0783167411','Please contact me ,want to design a logo on 3x ghold balls',1,0,0,'2015-10-15 03:17:46','2015-10-15 03:17:46'),(20,'Zania Stapelberg','zania@maclachlan.co.za','1st Floor Loumarie House, Wellington Park, Wellington Road, Durbanville','0219757735','Kindly quote. ',1,0,0,'2015-10-16 04:00:14','2015-10-16 04:00:14'),(21,'Handre Taljaard','handre@aesproductions.co.za','Plot 138, Zwavelpoort, Pretoria','0845123152','I can pick up the goods at Postnet Hazeldean',0,1,0,'2015-10-17 01:08:32','2015-10-17 01:08:32'),(22,'Handre Taljaard','handre@aesproductions.co.za','Plot 138, Zwavelpoort, Pretoria','+27845123152','I can pick up the goods at Postnet Hazeldean, Sorry had the balls wrong on the previous order. ',0,1,0,'2015-10-17 01:18:35','2015-10-17 01:18:35'),(23,'Tanya Swanepoel','tanya@tankcliniccape.co.za','Kraaifontein, 7570','0219875610','',0,0,0,'2015-10-23 03:25:20','2015-10-23 03:25:20'),(24,'Jullian britz','jullian@houdiniexpress.co.za','313 cape rd Newton park port elizabeth','0834591573','',0,0,0,'2015-10-27 10:46:05','2015-10-27 10:46:05'),(25,'Steven Teichmann','teichmannsteven@gmail.com','Old Main Road, Durban, 4390','0842257511','',0,0,0,'2015-10-28 12:35:32','2015-10-28 12:35:32'),(26,'Jonty Kirkby ','Jonty@realgreen.co.za','32 high st Modderfontein ','0748580908','Hi',0,1,0,'2015-10-28 19:44:35','2015-10-28 19:44:35'),(27,'Jonty Kirkby ','Jonty@realgreen.co.za','32 high st Modderfontein ','0748580908','Hi',0,1,0,'2015-10-28 19:44:35','2015-10-28 19:44:35'),(28,'Jonty Kirkby ','Jonty@realgreen.co.za','32 high st Modderfontein ','0748580908','Hi, please can you quote me and advise on turn arount time. ',0,1,0,'2015-10-28 19:45:05','2015-10-28 19:45:05'),(29,'zita','zitajacob@yahoo.com','Robertson street Ermelo,2350','0721974014','i just want to know how much it will cost for 60 balls?',0,0,0,'2015-11-02 22:39:57','2015-11-02 22:39:57'),(30,'Kirsten Smith','smithkirstenjean@gmail.com','St Benedicts College, Harcus Road, Bedfordview, Gauteng','0733636645','Just to be specific: I would like one 12 pack box to have the Rick.png logo and the other 12 pack box to have the Eva.png logo. With regards to delivery. I will not be able to be present for collection but the front desk at the College will pass it on to my mother as long as it is specified that it is for Mrs.Smith. Thanks in advance',0,0,0,'2015-11-04 04:07:54','2015-11-04 04:07:54'),(31,'Jess','jesscalennon@gmail.com','12th Floor, The  Terraces, 34 Bree Street, Cape Town, 8005','0732939461','Please will you advise on the cost of branding these golf balls.',0,0,0,'2015-11-07 21:30:11','2015-11-07 21:30:11'),(32,'Jacques Henegan','jacques@ledcorp.co.za','4th Floor Eland Techno Park, 33 Eland Street, Koedoespoort, Pretoria, 0186','0768910339','',1,0,0,'2015-11-08 23:56:40','2015-11-08 23:56:40'),(33,'Joe van den Berg','joe@ftifresh.com','4 Bland street, Mossel Bay 6500','0833795480','The Letters \"FTI\" below the brand',0,0,0,'2015-11-10 06:15:32','2015-11-10 06:15:32'),(34,'Walter Pretorius','walter@totallysolar.co.za','71 Mangold Street, Newton Park, PE','0823032990','',0,0,0,'2015-11-10 23:10:13','2015-11-10 23:10:13'),(35,'Wayne','waynebatchelor@hotmail.com','theplace','0823844027','',0,1,0,'2015-11-11 00:21:10','2015-11-11 00:21:10'),(36,'john rintoul','john.r@alphasorb.com','76 Rigger Rd  Spartan   Kempton Park 1620','0828021541','We have previously had Logo Balls made & can provide details ---The Titleist Agency here has the artwork',0,0,0,'2015-11-15 06:26:32','2015-11-15 06:26:32'),(37,'Tys','tys@seyffertconsulting.co.za','647 Carlswald north estate, Tambotie road, Midrand','0832359724','Hi, I need to pick these up tomorrow afternoon for a golf day on Friday. Please let me know if this is possible.',1,0,0,'2015-11-25 04:38:18','2015-11-25 04:38:18'),(38,'Tys Seyffert','tys@seyffertconsulting.co.za','647 Carlswald North Estate, Tamboti road, Midrand, 1684','0832359724','Hi, if we place the order today will the shipment be here by Thursday?',0,1,0,'2015-12-01 03:27:54','2015-12-01 03:27:54'),(39,'yemi Akinlabi','akinlabiyemi@gmail.com','296, kent avenue randburg','0604195039','may i request to also include \"wale Akin\" as a written words to those balls please.',0,1,0,'2015-12-03 14:57:56','2015-12-03 14:57:56'),(40,'Ianthe Basson','ianthebasson@gmail.com','34 Montague Street, Stellenberg, Cape Town 7550','0716436731','',0,1,0,'2015-12-06 10:51:24','2015-12-06 10:51:24'),(41,'Shane Fainsinger','shane.fainsinger@gmail.com','146 Campground road, Newlands, Cape Town, 7700','0824485339','Please can you design the logo. Our annual family golf day is called the BATS tour. BATS is the initials of all our names. ',1,0,0,'2015-12-10 14:48:28','2015-12-10 14:48:28'),(42,'micaela mcferrier','micaelacodymcferrier@gmail.com','58 Addison Street Eshowe 3815','0817546813','',0,1,0,'2015-12-26 02:23:53','2015-12-26 02:23:53'),(43,'Micaela McFerrier','micaelacodymcferrier@gmail.com','58 Addison Street Eshowe 3815','0817546813','Hi there, please could you get back to me with a quote via email and please also include what type of postage\\shipping you offer with cost of shipping\\postsge and please also include estimated time of arriv',0,0,0,'2015-12-27 11:19:09','2015-12-27 11:19:09'),(44,'Micaela McFerrier','micaelacodymcferrier@gmail.com','58 Addison Street Eshowe 3815','0817546813','Hi there, please could you get back to me with a quote via email and please also include what type of postage\\shipping you offer with cost of shipping\\postsge and please also include estimated time of arriv',0,0,0,'2015-12-27 11:19:09','2015-12-27 11:19:09'),(45,'Micaela McFerrier','micaelacodymcferrier@gmail.com','58 Addison Street Eshowe 3815','0817546813','Hi there, please could you get back to me with a quote via email and please also include what type of postage\\shipping you offer with cost of shipping\\postsge and please also include estimated time of arriv',0,0,0,'2015-12-27 11:19:09','2015-12-27 11:19:09'),(46,'Jt','sales@dotprint.co.za','pretoria','0824409890','',1,1,0,'2016-01-06 07:29:11','2016-01-06 07:29:11'),(47,'Jt','sales@dotprint.co.za','pretoria','0824409890','',1,1,0,'2016-01-06 07:29:11','2016-01-06 07:29:11'),(48,'Nadine Schenk','nadine.schenk@meltwater.com','22 Somerset Road, Green Point, 8001, Cape Town','021 431 4742','Hi Ryan, we spoke on the phone yesterday and I got the green light to over 12 branded Gold Balls. Could you let me know what time price difference is between the Titleist 12 pack Pro V1X and the V1? Also, can you let me know that the logo comes out nicely? Please see our website for how logo should look like (www.meltwater.com). Below the logo and name you find our slogan \"Outside Insight\" this does not necesarily have to be on the golf ball. I need the golf balls on Thursday before lunch. Give me a ring so we can discuss. Thank you. Regards, Nadine',0,0,0,'2016-01-11 22:50:17','2016-01-11 22:50:17'),(49,'Linda Van Der Veen','lindav@snazzisolutions.co.za','Postnet Suite 10024','0828088011','',0,0,0,'2016-01-15 06:52:56','2016-01-15 06:52:56'),(50,'Wadzanai Gwata','wadzanai@outsourceholdings.co.zw','78 The Chase Rd, Mt Pleasant, Harare, Zimbabwe','+263775518829','I want a quote for 150 branded golf balls packed in your box that carries 12',0,1,0,'2016-01-18 01:41:21','2016-01-18 01:41:21'),(51,'1','123@gmail.com','1','1','1',0,0,0,'2016-01-20 07:51:56','2016-01-20 07:51:56'),(52,'Karishma','karishmas111@gmail.com','Duma House, Block F, 54 Peter Place Road, Bryanston, Johannesburg','0743032939','Please can you assist with the design of my boyfriends name on the golf balls. His name is \"Soul\"',0,0,0,'2016-01-22 03:41:16','2016-01-22 03:41:16'),(53,'karen jonker','karenjonker@gmail.com','30 Pastorie street, Bultfontein, 9670','079 496 0067','',0,0,0,'2016-01-24 07:01:19','2016-01-24 07:01:19'),(54,'karen schmidt','karen@props.co.za','65 granville place bramley Park 2090','0832858384','Would just like the printing in black to say AXELROD',1,0,0,'2016-01-26 11:33:06','2016-01-26 11:33:06'),(55,'Manisha','manisha.mohanlal@tigerbrands.com','William nicol dr','0118404092','Kindly quote me on Box of 3 and box of 12 ',0,1,0,'2016-02-01 02:22:22','2016-02-01 02:22:22'),(56,'Coen','coen@capacitytrust.com','54 Jordaan Street, Pionierspark, Windhoek, Namibia','+264813851180','Just a quote please. I need it for a golf day as part of our sponsorship. ',1,0,0,'2016-02-01 12:57:10','2016-02-01 12:57:10'),(57,'Aziz','aziz@aztechel.co.za','Ksksksisksk','04373388828','Sksisksks',0,0,0,'2016-02-02 10:38:09','2016-02-02 10:38:09'),(58,'Denis Belotti','deneli@vodamail.co.za','4 Uitkyk street, Welkom','0828048819','',0,0,0,'2016-02-09 07:33:48','2016-02-09 07:33:48'),(59,'Retha van Rooyen','lourensretha@saps.org.za','16 Benbow Avenue, Riebeeckstad, Welkom 9469','0828138172','Please send me a quotation and if possible, can you do a print on a towel as well.',1,0,0,'2016-02-14 03:34:05','2016-02-14 03:34:05'),(60,'Marnus','marnus@proarnan.co.za','291 Sprite Ave, Menlyn Woods Block B, Faerie Glen, 0081','0722253133','What are the lead times?',1,0,0,'2016-02-16 00:51:19','2016-02-16 00:51:19'),(61,'Marnus','marnus@proarnan.co.za','291 Sprite Ave, Menlyn Woods Block B, Faerie Glen, 0081','0722253133','What are the lead times? ',1,0,0,'2016-02-16 00:52:06','2016-02-16 00:52:06'),(62,'Matthew Graaff','matthewgraaff@gmail.com','12 Woodfield East Ave, George, Western Cape','0718739636','Will you please only email me because my phone is not always available. ',0,1,0,'2016-02-20 07:56:50','2016-02-20 07:56:50'),(63,'Matthew Graaff','matthewgraaff@gmail.com','12 Woodfield East Ave, George, Western Cape','0718739636','Please only email me because my phone is not always avalaible. If you didnt receive the logo, please let me know how I sholud send it.',0,0,0,'2016-02-20 08:12:23','2016-02-20 08:12:23'),(64,'reon','reon.pienaar@aecom.com','CENTURION','0721235517','DELIVER BEFORE 15 mARCH',0,0,0,'2016-02-29 06:13:40','2016-02-29 06:13:40'),(65,'Elan','elannovick@icloud.com','107 Atholl Road Atholl','0833713368','Nearest corner is Delta',0,1,0,'2016-03-26 02:01:06','2016-03-26 02:01:06'),(66,'Rat wilford','ray@actnordson.co.za','Van den Bos 7','0828084070','',0,0,0,'2016-03-28 04:37:59','2016-03-28 04:37:59'),(67,'Ray Wilford','ray@actnordson.co.za','Van den Bos 7','082 808 4070','Please send a picture of the ball',0,1,0,'2016-03-28 06:40:07','2016-03-28 06:40:07'),(68,'Matthew','mjking10@gmail.com','ATC South Africa, Tygerberg Office Park, 163 Uys Krige Drive, Plattekloof','0825546790','',1,0,0,'2016-04-05 06:47:54','2016-04-05 06:47:54'),(69,'Julie van der Meulen','melba.vdm@gmail.com','110 Oak Avenue Highveld Park Centurion','0833190783','How long oesa order this big usually take?',0,0,0,'2016-04-12 00:06:23','2016-04-12 00:06:23'),(70,'Kuda Shoniwa','kjshoniwa@yahoo.com','11 Hornbill Street, Magaliessig, Fourways, Johannesburg, 2191 ','0787114264','Name on ball should be KSHO (in black)',0,0,0,'2016-04-15 08:14:50','2016-04-15 08:14:50'),(71,'Andrew','andrew@southerntides.co.za','4 Trek Road, Higgovale, Cape Town','0824460206','Dear Golfball Branding, Please let me a quote how much it costs for printing as well as how long it will take to have the balls delivered. We are currently sourcing pricing for a birthday present. Regards, Andrew',0,0,0,'2016-04-19 03:24:25','2016-04-19 03:24:25'),(72,'Gys Lucas','glucas@lmj.co.za','LMJ, 14 Oxford Office Park, 3 Bauhinia St, Building 2, Level 1, Highveld, Centurion','0829289454','Need a logo and wording on the balls',0,0,0,'2016-04-21 09:41:48','2016-04-21 09:41:48'),(73,'Deon Mostert','deon_mostert@telkomsa.net','25 Du Toit Street','+27834741792','',0,0,0,'2016-04-24 09:30:03','2016-04-24 09:30:03'),(74,'Geraldine','accounts@pro-touch.co.za','4 DAWID STREET WITFIELD BOKSBURG','0735949635','This is a gift for next week ',0,0,0,'2016-04-26 04:41:25','2016-04-26 04:41:25'),(75,'PJ','pjr@theproshop.co.za','8 Watervall crescent south Woodmead ','0116028888','HI Just a quotation on the above for now please. Apologies for uploading the logo twice ',0,0,0,'2016-05-05 05:42:03','2016-05-05 05:42:03'),(76,'Clifford','clifford.prinsloo@secotools.com','No 2 old dutch square.cnr of billbezuidenhou and old paarl rd.bellville','0827744368','',1,0,0,'2016-05-06 00:26:10','2016-05-06 00:26:10'),(77,'Jason Eales','jasoneales89@gmail.com','2 van vuuren street Farramere Benoni','0795158465','',0,1,0,'2016-05-08 10:11:33','2016-05-08 10:11:33'),(78,'Maureen Denny','admin@mdcc.co.za','30 Central Avenue, Flamwood, Klerksdorp','0184688000','We require our logo to be on the balls.  Please contact me.',0,0,0,'2016-05-18 02:53:37','2016-05-18 02:53:37'),(79,'Francois van Dijk','fvandijk@mentenova.co.za','MenteNova, 4th Floor, Rosebank Corner Building, 191 Jan Smuts Avenue, Rosebank, 2193','0828510112','Can we possibly have Callaway Supersoft balls?',1,0,0,'2016-05-18 04:52:45','2016-05-18 04:52:45'),(80,'Charnel ','charnel@micromiraclefoundation.org.za','Midrand ','0820745959','Good Day,',1,0,0,'2016-05-20 00:02:06','2016-05-20 00:02:06'),(81,'Ian','ian@bchilli.co.za','Unit 7 Sunnypark, 4 Sugarfarm Trail, Sunningdale, 4051','0824466228','',0,0,0,'2016-05-26 03:05:53','2016-05-26 03:05:53'),(82,'mark','sales01.ssct@smartstone.co.za','1 COATEN STREET , WELLINGTON','0794229293','',0,0,0,'2016-05-26 22:47:52','2016-05-26 22:47:52'),(83,'Freek van den Bergh','5inoneprotect@gmail.com','38 karee ave','0728033355','',0,0,0,'2016-05-26 23:18:05','2016-05-26 23:18:05'),(84,'Daan van Luijk','daanvanluijk@hotmail.com','Chepstow road 15, unit 401, Greenpoint, Cape Town, 8001','0828110375','I would like the Mandalay Group logo on the boxes and the Thembokwezi logo on the balls',0,1,0,'2016-06-01 06:23:32','2016-06-01 06:23:32'),(85,'Etienne','etienne.daniels@mnet.co.za','137 Bram Fischer Drive, Randburg','0116867142','',0,1,0,'2016-06-02 05:08:24','2016-06-02 05:08:24'),(86,'Luca Campodonico','lcampodonico@ckr.co.za','52 Corlett Drive Illovo , Wanderes office park The Oval East CKR Consulting Engineers ','0824502975','Would the balls be available by Saturday ?',0,0,0,'2016-06-21 09:40:19','2016-06-21 09:40:19'),(87,'ridgeback machine supplies','ronnie@ridgebackms.co.za','30 goods road brakpan','083 265 2550','',0,0,0,'2016-06-24 02:06:34','2016-06-24 02:06:34'),(88,'Tony','tony@idsol.co.za','Turtle Creek 48','719856031','Hi I need your cheapest golf ball printed 1 colour Black 1 side only and i will collect, i need a quote first.',0,0,0,'2016-06-24 05:55:59','2016-06-24 05:55:59'),(89,'Rian Swanepoel','rian.swan@yahoo.com','42 Hesperus Street','0764268517','',0,1,0,'2016-06-29 08:32:31','2016-06-29 08:32:31'),(90,'Werner Kramer','info@ngiriwear.co.za','30 Jones St, Parow East, Cape Town, 7500, South Africa','0826018902','',0,0,0,'2016-07-06 21:58:20','2016-07-06 21:58:20'),(91,'Priscilla Doig','Priscilla.doig@synergy.co.za','Synergy, 1st Floor, 20 Westville Rd, Westville Durban','0844003795','I look forward to receiving your quote.',0,0,0,'2016-07-12 03:13:47','2016-07-12 03:13:47'),(92,'Yumna Bodiat','yumnabodiat@gmail.com','6 Somerville Avenue, Melrose Estate, Flat no.3 ','0638654715','please put \"Happy Birthday\" somewhere on the customized box. And could I please have a delivery time as I need it ASAP. Thanks!',0,1,0,'2016-07-16 12:37:49','2016-07-16 12:37:49'),(93,'Freddie Kasselman','freddie@bfcombustion.co.za','Unit C10, Prospur Business Park, Oscar Street, Hughes, Boksburg, 1459','606666611','',1,0,0,'2016-07-25 23:03:31','2016-07-25 23:03:31'),(94,'Michael Ngobeni','khadin@me.com','29 Breakfree, 99 Garden Road, Midrand, 1685','+27725670052','No Logo. Print Name \" Andor Esbach\"',0,0,0,'2016-07-27 05:50:25','2016-07-27 05:50:25'),(95,'Herman de Lange ','herman@baydrivetrading.co.za','309 Stella Road, Queensburgh, 4093','0824672800','Only put the company logo on the balls. Wrap the boxes with the profile',1,0,0,'2016-07-28 10:16:25','2016-07-28 10:16:25'),(96,'Migael','migaelvs@gmail.com','722 Leeuwkop road','0727411542','',0,1,0,'2016-07-30 00:48:45','2016-07-30 00:48:45'),(97,'Migael','migaelvs@gmail.com','722 Leeuwkop road, Baringo unit 11, Sunninghill, 2196','0727411542','I would just like to a get quote so long will send an image and wording for the customised box next week. For the golf balls would you be able to print \"Willem the legend\" on the pro V1s?',0,1,0,'2016-07-30 00:51:32','2016-07-30 00:51:32'),(98,'Nellmari Coetzee','nellmaricoetzee@gmail.com','Pretoria','0837790094','Need Quation please',0,1,0,'2016-08-11 22:27:35','2016-08-11 22:27:35'),(99,'Peet Eksteen','peet.eksteen@olivibra.com','49 Loper avenue, Spartan, Kempton Park','0605645560','',0,0,0,'2016-08-14 23:32:51','2016-08-14 23:32:51'),(100,'Vincent Loubser','vincent.loubser@collate.co.za','Unit 30, Monte Villas, 301 Albertus Street, La Montagne','0824188072','',0,0,0,'2016-08-18 02:04:04','2016-08-18 02:04:04'),(101,'Heinrich Jordaan','heinrich@euro-tech.co.za','28 Jurgens Potgieter Street','0723076484','Please give me a quote on this',0,0,0,'2016-08-19 22:44:29','2016-08-19 22:44:29'),(102,'Christiaan','essie0013@gmail.com','220 loop street, Cape Town, 8000','0824108345','',0,0,0,'2016-08-22 11:28:17','2016-08-22 11:28:17'),(103,'keren','kerenjr@yahoo.com','Park Road, Rondebosch','0828229716','I don\'t know how to make a logo, so it is just an example of what I want. After I have received a quote, then i will look into the logo more seriously. Can you print in the color gold or bronze?',0,1,0,'2016-08-31 06:51:10','2016-08-31 06:51:10'),(104,'Corlia Hattingh ','corlia.hattingh@za.man-mn.com','MAN Truck & Bus, 18 Centenary Way, Modderfontein, 1613','0847093465','',0,0,0,'2016-09-04 04:05:06','2016-09-04 04:05:06'),(105,'Corlia Hattingh ','corlia.hattingh@za.man-mn.com','MAN Truck & Bus, 18 Centenary Way, Modderfontein, 1613','0847093465','Corlia',0,0,0,'2016-09-04 04:10:47','2016-09-04 04:10:47'),(106,'Julie van der Meulen','melba.vdm@gmail.com','Wanderers Golf Club, Cnr Rudd Road and Corlette Drive, Illovo.','+27833190783','What is your lead time on the balls?',0,0,0,'2016-09-06 22:21:49','2016-09-06 22:21:49'),(107,'Kosie Zondagh','kosiez8@gmail.com','Rose Villa Farm, Avontuur, 6490, Western Cape','0824877157','',0,0,0,'2016-09-08 21:41:03','2016-09-08 21:41:03'),(108,'Anisha Nerpat','anerpat@gmail.com','P o box  583','0833954474','Name only?',0,1,0,'2016-09-09 14:09:03','2016-09-09 14:09:03'),(109,'Lizelle ','gautengboedels@gmail.com','121 Palala Avenue, Doringkloof, 0157','0715316024','Just Gerbertjie on the balls printed',0,1,0,'2016-09-19 12:14:44','2016-09-19 12:14:44'),(110,'Riaan','riaanvdw@hotmail.com','13 Capricorn Road, Lonehill Ext14, 2191','0824699371','The attached image is for the quote only. The actual image must be the same one, but the Chili must have a beard.',0,1,0,'2016-09-22 02:33:59','2016-09-22 02:33:59'),(111,'Elmarie van Tonder','tiekie.vantonder@gmail.com','87 Mann Street, Riviera, Pretoria, 0084','0847691802','Ferrari badge on one side,  Tolie (in Bookman old font, bold) and 49 under it (Kristen ITC font, bold). I tried to up-load it but could not. If you provide me with your email address I can send you the file',0,1,0,'2016-09-29 05:40:43','2016-09-29 05:40:43'),(112,'Yvonne Coetzee','reception@robicon.co.za','Unit 3, 22 Stillewater street, Durbanville Memorial Park, Durbanville, 7550','0721522767','',1,0,0,'2016-10-12 11:52:24','2016-10-12 11:52:24'),(113,'Yvonne Coetzee','reception@robicon.co.za','Unit 3, 22 Stillewater street, Durbanville Memorial Park, Durbanville, 7550','0721522767','',1,0,0,'2016-10-12 11:52:26','2016-10-12 11:52:26'),(114,'Riaan Gloy','riaan2405@yahoo.com','21 Rooivalk street , Marbella Unit Nr 10, Magaliessig , JHB ','0827828380','Just these four names for each dozen 1st dozen --> Gino. 2nd dozen -> Riaan.  3de dozen-> Anton.  4th dozen->Mike ',0,1,0,'2016-10-19 09:27:45','2016-10-19 09:27:45'),(115,'christopher Williams','chriskby@gmail.com','2 community road, florianville','0833203488','',0,0,0,'2016-10-25 10:31:01','2016-10-25 10:31:01'),(116,'Andries Botha','andries@voidcon.co.za','55 Sir David Baird Drive, Bloubergstrand','+27 767509002','',0,0,0,'2016-10-26 08:01:32','2016-10-26 08:01:32'),(117,'Wil','wilsylholthuis@gmail.com','P O Box 3247 Paarl 7620','0765575600','1. Could it be done and delivered before latest thursday, 3d Nov',0,0,0,'2016-10-27 00:44:35','2016-10-27 00:44:35'),(118,'Sonja Purdon','sonjapurdy@mweb.co.za','Tuleni, 16 Flamingo Drive, Hilton, KZN, 3245','0828058050','',0,0,0,'2016-11-04 02:34:58','2016-11-04 02:34:58'),(119,'Louise Loots','flikkie@gmail.com','318 Derdepoort Road, Silverton','713648013','',0,1,0,'2016-11-07 03:00:05','2016-11-07 03:00:05'),(120,'Robert Teschmacher','r.teschmacher@gmail.com','206 Fairweather House, 176 Sir Lowry Rd, Woodstock, Cape Town, 8001','0799673212','Need to have these here by the weekend!',0,0,0,'2016-11-08 01:38:39','2016-11-08 01:38:39'),(121,'Suzanne Christian','suzannemente@hotmail.com','n/a','0794861899','At this moment just looking at options for prizes for our Woodstock themed open day. So would like a flower power type picture and the golf club on the ball. So looking at costs. Can you give me an indication ? Also just picked a packet of balls but if there are cheaper options then prefer those. Thanks',0,1,0,'2016-11-10 08:25:28','2016-11-10 08:25:28'),(122,'Sharon Bothma','sharon@radchem.co.za','Unit 3, 16 Bentonite Street, Alrode, 1457','0833115032','',0,0,0,'2016-11-13 23:21:14','2016-11-13 23:21:14'),(123,'Dennis Cambanos','cambanosmarketing@gmail.com','Richards Drive midrand','0113159411','Hi We are looking at about 50 of each of the black and white variety and 100 of the SA flag. I dont mind increasing quantity if it is cost saving.',0,0,0,'2016-11-15 06:38:28','2016-11-15 06:38:28'),(124,'Dennis Cambanos','cambanosmarketing@gmail.com','Richards Drive midrand','0113159411','Hi We are looking at about 50 of each of the black and white variety and 100 of the SA flag. I dont mind increasing quantity if it is cost saving.',0,0,0,'2016-11-15 06:38:29','2016-11-15 06:38:29'),(125,'Velile Madlingozi ','velile28@gmail.com','Lindo Park, Pretoria','0836700218',' I am looking for 270 branded Golf balls and 270 unbranded pins, needed on Monday or Tuesday morning',1,0,0,'2016-11-18 10:54:50','2016-11-18 10:54:50'),(126,'Mohamed Osman','sifosman@gmail.com','24 Viola Road, Asherville','0791390499','Hi, please will you send me a quote for the 3 box set aswell. I might want to adjust the logo depending on how it looks on the ball. This is for a charity organisation so we are lookong for the most cost effective deals.',0,1,0,'2016-11-19 11:06:27','2016-11-19 11:06:27'),(127,'Neil','neilsirmon@gmail.com','56 totius str, Groenkloof, Pretoria','0825975207','The harlequin restaurant ',0,0,0,'2016-11-29 05:41:42','2016-11-29 05:41:42'),(128,'Zaheer Seedat','zaheer@creativecurve.co.za','Suite 1, Reef Park, 7 Gold Reef Road','0834884497','',0,1,0,'2016-11-30 12:21:05','2016-11-30 12:21:05'),(129,'Shante','shante_stafford@hotmail.co.uk','Durbanville','0715193400','',0,0,0,'2016-12-06 04:10:28','2016-12-06 04:10:28'),(130,'Chris','ctucker@stdunstans.co.za','37 Hartshorne street Rynfield Benoni ','0820535255','Logo',0,0,0,'2016-12-12 01:16:05','2016-12-12 01:16:05'),(131,'Naseera','patelnaseera@gmail.com','Unit 31 Crown Gardens, 2 Bird Street, Mayfair, Johannesburg 2092','0822156190','I need these to be done by 23rd please as I need them before I leave jhb.',0,1,0,'2016-12-12 10:27:13','2016-12-12 10:27:13'),(132,'Ryan Kohler','ryan.kohler@standardbank.co.za','Standard Bank, 3rd Floor, East Wing, 30 Baker Street, Rosebank, Johannesburg, 2196','0825586255','Hi, is it possible to brand each sleeve of balls with a different name?',0,0,0,'2016-12-12 10:48:55','2016-12-12 10:48:55'),(133,'Tertia Malan','tertia.malan1@gmail.com','3 Venus Avenue Phoenix Milnerton 7441','0823145071','I would like to know if it\'s possible to have six golf balls with the image above and six golf  balls with the name  (Martino) printed on it. Thank You',0,0,0,'2016-12-15 23:29:08','2016-12-15 23:29:08'),(134,'Werner Krause','werner@laresidence.co.za','La Residence Hotel, Elandskloof Private Road, Franschhoek','0218764100','',1,0,0,'2017-01-18 04:43:07','2017-01-18 04:43:07'),(135,'Motlhabane','finesseapparel4@gmail.com','7 Lawrence Street, Dalpark ext 9, Brakpan','0606630536','',1,0,0,'2017-01-18 06:12:05','2017-01-18 06:12:05'),(136,'sean','sean@plus94.co.za','Hyde Park, Johannesburg','011 327 2020','144 balls in total (48 sleeves)',0,0,0,'2017-01-30 06:52:21','2017-01-30 06:52:21'),(137,'Hayley','hgoldberg@nuworld.co.za','41 1st Avenue, 9 Illovo Paradiso, Illovo, Johannesburg,','0828841432','Would it be possible to write on each ball - I can\'t wait to play golf with you, Dad',0,0,0,'2017-02-01 02:02:46','2017-02-01 02:02:46'),(138,'Hayley','hgoldberg@nuworld.co.za','41 1st Avenue, 9 Illovo Paradiso, Illovo','0828841432','Would it be possible to write on each ball - I can\'t wait to play golf with you, Dad or we could right that on the box and then on each ball you could write: My dad, my hero',0,0,0,'2017-02-01 02:10:24','2017-02-01 02:10:24'),(139,'Aubrey ','avkearnsy@icloud.com','354 Long Avenue, Ferndale, Randburg','0646523585','Please contact me regarding the branding. ',0,0,0,'2017-02-05 11:54:28','2017-02-05 11:54:28'),(140,'Veroni Dicks','veronidicks@gmail.com','BP & PNP Express Capricorn, C/O Prince George Drive & Taylor Road, Capricorn Square, Muizenberg, 7945','0760199124','',0,1,0,'2017-02-07 10:08:24','2017-02-07 10:08:24'),(141,'Matthew','matthew.kaplan@is.co.za','The Campus, Internet Solutions, 57 Sloane Street Bryanston','0832914135','',0,0,0,'2017-02-08 01:19:05','2017-02-08 01:19:05'),(142,'Jeandr Schreuder','jeandre06@gmail.com','Bergsigstr','0828994841','',0,0,0,'2017-02-12 08:11:27','2017-02-12 08:11:27'),(143,'Jeandr Schreuder','jeandre06@gmail.com','Bergsigstr 6B','0828994841','',0,0,0,'2017-02-12 08:12:50','2017-02-12 08:12:50'),(144,'Ruan du Preez','ruan.dupreez@gmail.com','','0844470018','',0,0,0,'2017-02-20 07:54:11','2017-02-20 07:54:11'),(145,'Phillip Steyn','phillipsteyn1@gmail.com','Cnr Long Street & Hans Strijdom Avenue, Icon Building 3rd Floor','0797161030','Delivery is for Rhino Resources office on 3rd Floor',0,0,0,'2017-02-28 07:17:53','2017-02-28 07:17:53'),(146,'Quintin','quintin@audicentrenewcastle.co.za','108 Allen Street','0343708700','Please give me Quote on all brands .',0,0,0,'2017-03-01 05:29:28','2017-03-01 05:29:28'),(147,'Izhaar','izhaarabdoola@gmail.com','6 Sikkim street, Claudius, Pretoria ','0847861710','',0,1,0,'2017-03-02 07:03:55','2017-03-02 07:03:55'),(148,'Bryan','bryan.runsey@exxaro.com','45 Black Eagle Aquavista mountain Estate Bronkhorstspruit Dam 1020','0834059987','',0,0,0,'2017-03-06 02:08:58','2017-03-06 02:08:58'),(149,'Gary','mg@sign-a-rama.c.za','','0834621787','',0,0,0,'2017-03-15 04:23:30','2017-03-15 04:23:30'),(150,'Joe Maila','moswete@me.com','','0828873581','',1,0,0,'2017-03-15 07:46:24','2017-03-15 07:46:24'),(151,'Gareth Forbes','forbesg@moonwrench.com','21 Taurus Lane, Croydon Vineyard Estate, Somerset West','0724423402','',1,0,0,'2017-03-15 22:38:09','2017-03-15 22:38:09'),(152,'Colin Penny','colin.penny@hotmail.com','PO Box 4914, Welhom, 9460','0847268203','',0,0,0,'2017-03-20 10:08:25','2017-03-20 10:08:25');
/*!40000 ALTER TABLE `quote_requests` ENABLE KEYS */;
UNLOCK TABLES;

--
-- Table structure for table `users`
--

DROP TABLE IF EXISTS `users`;
/*!40101 SET @saved_cs_client     = @@character_set_client */;
/*!40101 SET character_set_client = utf8 */;
CREATE TABLE `users` (
  `id` int(10) unsigned NOT NULL AUTO_INCREMENT,
  `name` varchar(255) COLLATE utf8_unicode_ci NOT NULL,
  `email` varchar(255) COLLATE utf8_unicode_ci NOT NULL,
  `password` varchar(60) COLLATE utf8_unicode_ci NOT NULL,
  `remember_token` varchar(100) COLLATE utf8_unicode_ci DEFAULT NULL,
  `created_at` timestamp NOT NULL DEFAULT '0000-00-00 00:00:00',
  `updated_at` timestamp NOT NULL DEFAULT '0000-00-00 00:00:00',
  PRIMARY KEY (`id`),
  UNIQUE KEY `users_email_unique` (`email`)
) ENGINE=InnoDB AUTO_INCREMENT=2 DEFAULT CHARSET=utf8 COLLATE=utf8_unicode_ci;
/*!40101 SET character_set_client = @saved_cs_client */;

--
-- Dumping data for table `users`
--

LOCK TABLES `users` WRITE;
/*!40000 ALTER TABLE `users` DISABLE KEYS */;
INSERT INTO `users` VALUES (1,'Ryan Kiepiel','ryan@absolutesport.co.za','$2y$10$hFnVmuPRjgYd4iCCb3jcTeRJwkgHVfIqou2lMWuI1vuH9RrQcoZ.q','vx6i3vGnLdViH47pjL4wruASvK3D3NNZqWRNRsHZsItDy0HibHkygao5F8nQ','2015-08-16 19:24:26','2015-10-20 18:41:54');
/*!40000 ALTER TABLE `users` ENABLE KEYS */;
UNLOCK TABLES;
/*!40103 SET TIME_ZONE=@OLD_TIME_ZONE */;

/*!40101 SET SQL_MODE=@OLD_SQL_MODE */;
/*!40014 SET FOREIGN_KEY_CHECKS=@OLD_FOREIGN_KEY_CHECKS */;
/*!40014 SET UNIQUE_CHECKS=@OLD_UNIQUE_CHECKS */;
/*!40101 SET CHARACTER_SET_CLIENT=@OLD_CHARACTER_SET_CLIENT */;
/*!40101 SET CHARACTER_SET_RESULTS=@OLD_CHARACTER_SET_RESULTS */;
/*!40101 SET COLLATION_CONNECTION=@OLD_COLLATION_CONNECTION */;
/*!40111 SET SQL_NOTES=@OLD_SQL_NOTES */;

-- Dump completed on 2017-03-22  8:47:49
